firma;email;website;strasse;plz;ort;telefon;fax
a-ba-cus Immobilien Management GmbH;info@a-ba-cus.de;http://www.a-ba-cus.de;Hofaue 75;42103;Wuppertal;"0202 / 283160
 0202 / 2831616";
Abraham Service GmbH;info@hv-abraham.de;http://www.hv-abraham.de;Bergstraße 17;53859;Niederkassel;"02208 / 94300
 02208 / 943011";
ABS Hausverwaltung GmbH;mail@abs-hv.de;http://abs-hv.de;Heidestr. 21;52078;Aachen;"0241 / 56 23 00
 0241 / 52 86 36";
ACH Haus- u. Grundbesitzverwaltung GmbH;info@ach-immobilien.de;http://www.ach-immobilien.de;Kölner Str. 67;50226;Frechen;"02234 / 953170
 02234 / 9531717";
"act Analysen + Immobilien GmbH &amp; Co.KG";info@act-immobilien.com;http://www.act-immobilien.com ;Detmolder Str. 146;33604;Bielefeld;"0521 / 2603155
 0521 / 2605652";
A.D.C. ImmoService GmbH;info@a-d-c.de;http://www.a-d-c.de;Bickernstr. 70;44649;Herne;"02325 / 96867-0
 02325 / 9687-26";
AEDIS Haus- und Grundbesitzvewaltungs GmbH;info@aedis.de;http://www.aedis.de;Lippestr. 32;46282;Dorsten;"02362 / 921818
 02362 / 921819";
AGV Immobilien GmbH;admingf@agv-immobilien.com;http://www.agv-immobilien.com;Alt-Pempelfort 2;40211;Düsseldorf;"0211 / 929420
 0211";
AHB Immobilienverwaltung;mail@verwaltung-bach.de;https://verwaltung-bach.de;Carl-Sonnenschein-Str. 45;40468;Düsseldorf;"0211 / 3035347
 0211";
Aigner und Sprengart OHG;martin.aigner@aigner-sprengart.de;https://aigner-sprengart.de;Friedrich-Ebert-Ring 46;56068;Koblenz;"0261 / 1330370
 0261";
